,year_film,year_ceremony,ceremony,category,name,film,winner
430,1936,1937,9,ACTRESS IN A SUPPORTING ROLE,Beulah Bondi,The Gorgeous Hussy,False
431,1936,1937,9,ACTRESS IN A SUPPORTING ROLE,Alice Brady,My Man Godfrey,False
432,1936,1937,9,ACTRESS IN A SUPPORTING ROLE,Bonita Granville,These Three,False
433,1936,1937,9,ACTRESS IN A SUPPORTING ROLE,Maria Ouspenskaya,Dodsworth,False
434,1936,1937,9,ACTRESS IN A SUPPORTING ROLE,Gale Sondergaard,Anthony Adverse,True
537,1937,1938,10,ACTRESS IN A SUPPORTING ROLE,Alice Brady,In Old Chicago,True
538,1937,1938,10,ACTRESS IN A SUPPORTING ROLE,Andrea Leeds,Stage Door,False
539,1937,1938,10,ACTRESS IN A SUPPORTING ROLE,Anne Shirley,Stella Dallas,False
540,1937,1938,10,ACTRESS IN A SUPPORTING ROLE,Claire Trevor,Dead End,False
541,1937,1938,10,ACTRESS IN A SUPPORTING ROLE,Dame May Whitty,Night Must Fall,False
660,1938,1939,11,ACTRESS IN A SUPPORTING ROLE,Fay Bainter,Jezebel,True
661,1938,1939,11,ACTRESS IN A SUPPORTING ROLE,Beulah Bondi,Of Human Hearts,False
662,1938,1939,11,ACTRESS IN A SUPPORTING ROLE,Billie Burke,Merrily We Live,False
663,1938,1939,11,ACTRESS IN A SUPPORTING ROLE,Spring Byington,You Can't Take It with You,False
664,1938,1939,11,ACTRESS IN A SUPPORTING ROLE,Miliza Korjus,The Great Waltz,False
799,1939,1940,12,ACTRESS IN A SUPPORTING ROLE,Olivia de Havilland,Gone with the Wind,False
800,1939,1940,12,ACTRESS IN A SUPPORTING ROLE,Geraldine Fitzgerald,Wuthering Heights,False
801,1939,1940,12,ACTRESS IN A SUPPORTING ROLE,Hattie McDaniel,Gone with the Wind,True
802,1939,1940,12,ACTRESS IN A SUPPORTING ROLE,Edna May Oliver,Drums along the Mohawk,False
803,1939,1940,12,ACTRESS IN A SUPPORTING ROLE,Maria Ouspenskaya,Love Affair,False
942,1940,1941,13,ACTRESS IN A SUPPORTING ROLE,Judith Anderson,Rebecca,False
943,1940,1941,13,ACTRESS IN A SUPPORTING ROLE,Jane Darwell,The Grapes of Wrath,True
944,1940,1941,13,ACTRESS IN A SUPPORTING ROLE,Ruth Hussey,The Philadelphia Story,False
945,1940,1941,13,ACTRESS IN A SUPPORTING ROLE,Barbara O'Neil,"All This, and Heaven Too",False
946,1940,1941,13,ACTRESS IN A SUPPORTING ROLE,Marjorie Rambeau,Primrose Path,False
1102,1941,1942,14,ACTRESS IN A SUPPORTING ROLE,Sara Allgood,How Green Was My Valley,False
1103,1941,1942,14,ACTRESS IN A SUPPORTING ROLE,Mary Astor,The Great Lie,True
1104,1941,1942,14,ACTRESS IN A SUPPORTING ROLE,Patricia Collinge,The Little Foxes,False
1105,1941,1942,14,ACTRESS IN A SUPPORTING ROLE,Teresa Wright,The Little Foxes,False
1106,1941,1942,14,ACTRESS IN A SUPPORTING ROLE,Margaret Wycherly,Sergeant York,False
1285,1942,1943,15,ACTRESS IN A SUPPORTING ROLE,Gladys Cooper,"Now, Voyager",False
1286,1942,1943,15,ACTRESS IN A SUPPORTING ROLE,Agnes Moorehead,The Magnificent Ambersons,False
1287,1942,1943,15,ACTRESS IN A SUPPORTING ROLE,Susan Peters,Random Harvest,False
1288,1942,1943,15,ACTRESS IN A SUPPORTING ROLE,Dame May Whitty,Mrs. Miniver,False
1289,1942,1943,15,ACTRESS IN A SUPPORTING ROLE,Teresa Wright,Mrs. Miniver,True
1471,1943,1944,16,ACTRESS IN A SUPPORTING ROLE,Gladys Cooper,The Song of Bernadette,False
1472,1943,1944,16,ACTRESS IN A SUPPORTING ROLE,Paulette Goddard,So Proudly We Hail!,False
1473,1943,1944,16,ACTRESS IN A SUPPORTING ROLE,Katina Paxinou,For Whom the Bell Tolls,True
1474,1943,1944,16,ACTRESS IN A SUPPORTING ROLE,Anne Revere,The Song of Bernadette,False
1475,1943,1944,16,ACTRESS IN A SUPPORTING ROLE,Lucile Watson,Watch on the Rhine,False
1653,1944,1945,17,ACTRESS IN A SUPPORTING ROLE,Ethel Barrymore,None but the Lonely Heart,True
1654,1944,1945,17,ACTRESS IN A SUPPORTING ROLE,Jennifer Jones,Since You Went Away,False
1655,1944,1945,17,ACTRESS IN A SUPPORTING ROLE,Angela Lansbury,Gaslight,False
1656,1944,1945,17,ACTRESS IN A SUPPORTING ROLE,Aline MacMahon,Dragon Seed,False
1657,1944,1945,17,ACTRESS IN A SUPPORTING ROLE,Agnes Moorehead,Mrs. Parkington,False
1822,1945,1946,18,ACTRESS IN A SUPPORTING ROLE,Eve Arden,Mildred Pierce,False
1823,1945,1946,18,ACTRESS IN A SUPPORTING ROLE,Ann Blyth,Mildred Pierce,False
1824,1945,1946,18,ACTRESS IN A SUPPORTING ROLE,Angela Lansbury,The Picture of Dorian Gray,False
1825,1945,1946,18,ACTRESS IN A SUPPORTING ROLE,Joan Lorring,The Corn Is Green,False
1826,1945,1946,18,ACTRESS IN A SUPPORTING ROLE,Anne Revere,National Velvet,True
1982,1946,1947,19,ACTRESS IN A SUPPORTING ROLE,Ethel Barrymore,The Spiral Staircase,False
1983,1946,1947,19,ACTRESS IN A SUPPORTING ROLE,Anne Baxter,The Razor's Edge,True
1984,1946,1947,19,ACTRESS IN A SUPPORTING ROLE,Lillian Gish,Duel in the Sun,False
1985,1946,1947,19,ACTRESS IN A SUPPORTING ROLE,Flora Robson,Saratoga Trunk,False
1986,1946,1947,19,ACTRESS IN A SUPPORTING ROLE,Gale Sondergaard,Anna and the King of Siam,False
2086,1947,1948,20,ACTRESS IN A SUPPORTING ROLE,Ethel Barrymore,The Paradine Case,False
2087,1947,1948,20,ACTRESS IN A SUPPORTING ROLE,Gloria Grahame,Crossfire,False
2088,1947,1948,20,ACTRESS IN A SUPPORTING ROLE,Celeste Holm,Gentleman's Agreement,True
2089,1947,1948,20,ACTRESS IN A SUPPORTING ROLE,Marjorie Main,The Egg and I,False
2090,1947,1948,20,ACTRESS IN A SUPPORTING ROLE,Anne Revere,Gentleman's Agreement,False
2191,1948,1949,21,ACTRESS IN A SUPPORTING ROLE,Barbara Bel Geddes,I Remember Mama,False
2192,1948,1949,21,ACTRESS IN A SUPPORTING ROLE,Ellen Corby,I Remember Mama,False
2193,1948,1949,21,ACTRESS IN A SUPPORTING ROLE,Agnes Moorehead,Johnny Belinda,False
2194,1948,1949,21,ACTRESS IN A SUPPORTING ROLE,Jean Simmons,Hamlet,False
2195,1948,1949,21,ACTRESS IN A SUPPORTING ROLE,Claire Trevor,Key Largo,True
2300,1949,1950,22,ACTRESS IN A SUPPORTING ROLE,Ethel Barrymore,Pinky,False
2301,1949,1950,22,ACTRESS IN A SUPPORTING ROLE,Celeste Holm,Come to the Stable,False
2302,1949,1950,22,ACTRESS IN A SUPPORTING ROLE,Elsa Lanchester,Come to the Stable,False
2303,1949,1950,22,ACTRESS IN A SUPPORTING ROLE,Mercedes McCambridge,All the King's Men,True
2304,1949,1950,22,ACTRESS IN A SUPPORTING ROLE,Ethel Waters,Pinky,False
2412,1950,1951,23,ACTRESS IN A SUPPORTING ROLE,Hope Emerson,Caged,False
2413,1950,1951,23,ACTRESS IN A SUPPORTING ROLE,Celeste Holm,All about Eve,False
2414,1950,1951,23,ACTRESS IN A SUPPORTING ROLE,Josephine Hull,Harvey,True
2415,1950,1951,23,ACTRESS IN A SUPPORTING ROLE,Nancy Olson,Sunset Blvd.,False
2416,1950,1951,23,ACTRESS IN A SUPPORTING ROLE,Thelma Ritter,All about Eve,False
2524,1951,1952,24,ACTRESS IN A SUPPORTING ROLE,Joan Blondell,The Blue Veil,False
2525,1951,1952,24,ACTRESS IN A SUPPORTING ROLE,Mildred Dunnock,Death of a Salesman,False
2526,1951,1952,24,ACTRESS IN A SUPPORTING ROLE,Lee Grant,Detective Story,False
2527,1951,1952,24,ACTRESS IN A SUPPORTING ROLE,Kim Hunter,A Streetcar Named Desire,True
2528,1951,1952,24,ACTRESS IN A SUPPORTING ROLE,Thelma Ritter,The Mating Season,False
2642,1952,1953,25,ACTRESS IN A SUPPORTING ROLE,Gloria Grahame,The Bad and the Beautiful,True
2643,1952,1953,25,ACTRESS IN A SUPPORTING ROLE,Jean Hagen,Singin' in the Rain,False
2644,1952,1953,25,ACTRESS IN A SUPPORTING ROLE,Colette Marchand,Moulin Rouge,False
2645,1952,1953,25,ACTRESS IN A SUPPORTING ROLE,Terry Moore,"Come Back, Little Sheba",False
2646,1952,1953,25,ACTRESS IN A SUPPORTING ROLE,Thelma Ritter,With a Song in My Heart,False
2771,1953,1954,26,ACTRESS IN A SUPPORTING ROLE,Grace Kelly,Mogambo,False
2772,1953,1954,26,ACTRESS IN A SUPPORTING ROLE,Geraldine Page,Hondo,False
2773,1953,1954,26,ACTRESS IN A SUPPORTING ROLE,Marjorie Rambeau,Torch Song,False
2774,1953,1954,26,ACTRESS IN A SUPPORTING ROLE,Donna Reed,From Here to Eternity,True
2775,1953,1954,26,ACTRESS IN A SUPPORTING ROLE,Thelma Ritter,Pickup on South Street,False
2900,1954,1955,27,ACTRESS IN A SUPPORTING ROLE,Nina Foch,Executive Suite,False
2901,1954,1955,27,ACTRESS IN A SUPPORTING ROLE,Katy Jurado,Broken Lance,False
2902,1954,1955,27,ACTRESS IN A SUPPORTING ROLE,Eva Marie Saint,On the Waterfront,True
2903,1954,1955,27,ACTRESS IN A SUPPORTING ROLE,Jan Sterling,The High and the Mighty,False
2904,1954,1955,27,ACTRESS IN A SUPPORTING ROLE,Claire Trevor,The High and the Mighty,False
3027,1955,1956,28,ACTRESS IN A SUPPORTING ROLE,Betsy Blair,Marty,False
3028,1955,1956,28,ACTRESS IN A SUPPORTING ROLE,Peggy Lee,Pete Kelly's Blues,False
3029,1955,1956,28,ACTRESS IN A SUPPORTING ROLE,Marisa Pavan,The Rose Tattoo,False
3030,1955,1956,28,ACTRESS IN A SUPPORTING ROLE,Jo Van Fleet,East of Eden,True
3031,1955,1956,28,ACTRESS IN A SUPPORTING ROLE,Natalie Wood,Rebel without a Cause,False
3149,1956,1957,29,ACTRESS IN A SUPPORTING ROLE,Mildred Dunnock,Baby Doll,False
3150,1956,1957,29,ACTRESS IN A SUPPORTING ROLE,Eileen Heckart,The Bad Seed,False
3151,1956,1957,29,ACTRESS IN A SUPPORTING ROLE,Mercedes McCambridge,Giant,False
3152,1956,1957,29,ACTRESS IN A SUPPORTING ROLE,Patty McCormack,The Bad Seed,False
3153,1956,1957,29,ACTRESS IN A SUPPORTING ROLE,Dorothy Malone,Written on the Wind,True
3277,1957,1958,30,ACTRESS IN A SUPPORTING ROLE,Carolyn Jones,The Bachelor Party,False
3278,1957,1958,30,ACTRESS IN A SUPPORTING ROLE,Elsa Lanchester,Witness for the Prosecution,False
3279,1957,1958,30,ACTRESS IN A SUPPORTING ROLE,Hope Lange,Peyton Place,False
3280,1957,1958,30,ACTRESS IN A SUPPORTING ROLE,Miyoshi Umeki,Sayonara,True
3281,1957,1958,30,ACTRESS IN A SUPPORTING ROLE,Diane Varsi,Peyton Place,False
3377,1958,1959,31,ACTRESS IN A SUPPORTING ROLE,Peggy Cass,Auntie Mame,False
3378,1958,1959,31,ACTRESS IN A SUPPORTING ROLE,Wendy Hiller,Separate Tables,True
3379,1958,1959,31,ACTRESS IN A SUPPORTING ROLE,Martha Hyer,Some Came Running,False
3380,1958,1959,31,ACTRESS IN A SUPPORTING ROLE,Maureen Stapleton,Lonelyhearts,False
3381,1958,1959,31,ACTRESS IN A SUPPORTING ROLE,Cara Williams,The Defiant Ones,False
3488,1959,1960,32,ACTRESS IN A SUPPORTING ROLE,Hermione Baddeley,Room at the Top,False
3489,1959,1960,32,ACTRESS IN A SUPPORTING ROLE,Susan Kohner,Imitation of Life,False
3490,1959,1960,32,ACTRESS IN A SUPPORTING ROLE,Juanita Moore,Imitation of Life,False
3491,1959,1960,32,ACTRESS IN A SUPPORTING ROLE,Thelma Ritter,Pillow Talk,False
3492,1959,1960,32,ACTRESS IN A SUPPORTING ROLE,Shelley Winters,The Diary of Anne Frank,True
3607,1960,1961,33,ACTRESS IN A SUPPORTING ROLE,Glynis Johns,The Sundowners,False
3608,1960,1961,33,ACTRESS IN A SUPPORTING ROLE,Shirley Jones,Elmer Gantry,True
3609,1960,1961,33,ACTRESS IN A SUPPORTING ROLE,Shirley Knight,The Dark at the Top of the Stairs,False
3610,1960,1961,33,ACTRESS IN A SUPPORTING ROLE,Janet Leigh,Psycho,False
3611,1960,1961,33,ACTRESS IN A SUPPORTING ROLE,Mary Ure,Sons and Lovers,False
3729,1961,1962,34,ACTRESS IN A SUPPORTING ROLE,Fay Bainter,The Children's Hour,False
3730,1961,1962,34,ACTRESS IN A SUPPORTING ROLE,Judy Garland,Judgment at Nuremberg,False
3731,1961,1962,34,ACTRESS IN A SUPPORTING ROLE,Lotte Lenya,The Roman Spring of Mrs. Stone,False
3732,1961,1962,34,ACTRESS IN A SUPPORTING ROLE,Una Merkel,Summer and Smoke,False
3733,1961,1962,34,ACTRESS IN A SUPPORTING ROLE,Rita Moreno,West Side Story,True
3853,1962,1963,35,ACTRESS IN A SUPPORTING ROLE,Mary Badham,To Kill a Mockingbird,False
3854,1962,1963,35,ACTRESS IN A SUPPORTING ROLE,Patty Duke,The Miracle Worker,True
3855,1962,1963,35,ACTRESS IN A SUPPORTING ROLE,Shirley Knight,Sweet Bird of Youth,False
3856,1962,1963,35,ACTRESS IN A SUPPORTING ROLE,Angela Lansbury,The Manchurian Candidate,False
3857,1962,1963,35,ACTRESS IN A SUPPORTING ROLE,Thelma Ritter,Birdman of Alcatraz,False
3971,1963,1964,36,ACTRESS IN A SUPPORTING ROLE,Diane Cilento,Tom Jones,False
3972,1963,1964,36,ACTRESS IN A SUPPORTING ROLE,Dame Edith Evans,Tom Jones,False
3973,1963,1964,36,ACTRESS IN A SUPPORTING ROLE,Joyce Redman,Tom Jones,False
3974,1963,1964,36,ACTRESS IN A SUPPORTING ROLE,Margaret Rutherford,The V.I.P.s,True
3975,1963,1964,36,ACTRESS IN A SUPPORTING ROLE,Lilia Skala,Lilies of the Field,False
4095,1964,1965,37,ACTRESS IN A SUPPORTING ROLE,Gladys Cooper,My Fair Lady,False
4096,1964,1965,37,ACTRESS IN A SUPPORTING ROLE,Dame Edith Evans,The Chalk Garden,False
4097,1964,1965,37,ACTRESS IN A SUPPORTING ROLE,Grayson Hall,The Night of the Iguana,False
4098,1964,1965,37,ACTRESS IN A SUPPORTING ROLE,Lila Kedrova,Zorba the Greek,True
4099,1964,1965,37,ACTRESS IN A SUPPORTING ROLE,Agnes Moorehead,"Hush...Hush, Sweet Charlotte",False
4217,1965,1966,38,ACTRESS IN A SUPPORTING ROLE,Ruth Gordon,Inside Daisy Clover,False
4218,1965,1966,38,ACTRESS IN A SUPPORTING ROLE,Joyce Redman,Othello,False
4219,1965,1966,38,ACTRESS IN A SUPPORTING ROLE,Maggie Smith,Othello,False
4220,1965,1966,38,ACTRESS IN A SUPPORTING ROLE,Shelley Winters,A Patch of Blue,True
4221,1965,1966,38,ACTRESS IN A SUPPORTING ROLE,Peggy Wood,The Sound of Music,False
4342,1966,1967,39,ACTRESS IN A SUPPORTING ROLE,Sandy Dennis,Who's Afraid of Virginia Woolf?,True
4343,1966,1967,39,ACTRESS IN A SUPPORTING ROLE,Wendy Hiller,A Man for All Seasons,False
4344,1966,1967,39,ACTRESS IN A SUPPORTING ROLE,Jocelyne Lagarde,Hawaii,False
4345,1966,1967,39,ACTRESS IN A SUPPORTING ROLE,Vivien Merchant,Alfie,False
4346,1966,1967,39,ACTRESS IN A SUPPORTING ROLE,Geraldine Page,You're a Big Boy Now,False
4466,1967,1968,40,ACTRESS IN A SUPPORTING ROLE,Carol Channing,Thoroughly Modern Millie,False
4467,1967,1968,40,ACTRESS IN A SUPPORTING ROLE,Mildred Natwick,Barefoot in the Park,False
4468,1967,1968,40,ACTRESS IN A SUPPORTING ROLE,Estelle Parsons,Bonnie and Clyde,True
4469,1967,1968,40,ACTRESS IN A SUPPORTING ROLE,Beah Richards,Guess Who's Coming to Dinner,False
4470,1967,1968,40,ACTRESS IN A SUPPORTING ROLE,Katharine Ross,The Graduate,False
4575,1968,1969,41,ACTRESS IN A SUPPORTING ROLE,Lynn Carlin,Faces,False
4576,1968,1969,41,ACTRESS IN A SUPPORTING ROLE,Ruth Gordon,Rosemary's Baby,True
4577,1968,1969,41,ACTRESS IN A SUPPORTING ROLE,Sondra Locke,The Heart Is a Lonely Hunter,False
4578,1968,1969,41,ACTRESS IN A SUPPORTING ROLE,Kay Medford,Funny Girl,False
4579,1968,1969,41,ACTRESS IN A SUPPORTING ROLE,Estelle Parsons,"Rachel, Rachel",False
4683,1969,1970,42,ACTRESS IN A SUPPORTING ROLE,Catherine Burns,Last Summer,False
4684,1969,1970,42,ACTRESS IN A SUPPORTING ROLE,Dyan Cannon,Bob & Carol & Ted & Alice,False
4685,1969,1970,42,ACTRESS IN A SUPPORTING ROLE,Goldie Hawn,Cactus Flower,True
4686,1969,1970,42,ACTRESS IN A SUPPORTING ROLE,Sylvia Miles,Midnight Cowboy,False
4687,1969,1970,42,ACTRESS IN A SUPPORTING ROLE,Susannah York,"They Shoot Horses, Don't They?",False
4788,1970,1971,43,ACTRESS IN A SUPPORTING ROLE,Karen Black,Five Easy Pieces,False
4789,1970,1971,43,ACTRESS IN A SUPPORTING ROLE,Lee Grant,The Landlord,False
4790,1970,1971,43,ACTRESS IN A SUPPORTING ROLE,Helen Hayes,Airport,True
4791,1970,1971,43,ACTRESS IN A SUPPORTING ROLE,Sally Kellerman,M*A*S*H,False
4792,1970,1971,43,ACTRESS IN A SUPPORTING ROLE,Maureen Stapleton,Airport,False
4895,1971,1972,44,ACTRESS IN A SUPPORTING ROLE,Ann-Margret,Carnal Knowledge,False
4896,1971,1972,44,ACTRESS IN A SUPPORTING ROLE,Ellen Burstyn,The Last Picture Show,False
4897,1971,1972,44,ACTRESS IN A SUPPORTING ROLE,Barbara Harris,Who Is Harry Kellerman and Why Is He Saying Those Terrible Things about Me?,False
4898,1971,1972,44,ACTRESS IN A SUPPORTING ROLE,Cloris Leachman,The Last Picture Show,True
4899,1971,1972,44,ACTRESS IN A SUPPORTING ROLE,Margaret Leighton,The Go-Between,False
4999,1972,1973,45,ACTRESS IN A SUPPORTING ROLE,Jeannie Berlin,The Heartbreak Kid,False
5000,1972,1973,45,ACTRESS IN A SUPPORTING ROLE,Eileen Heckart,Butterflies Are Free,True
5001,1972,1973,45,ACTRESS IN A SUPPORTING ROLE,Geraldine Page,Pete 'n' Tillie,False
5002,1972,1973,45,ACTRESS IN A SUPPORTING ROLE,Susan Tyrrell,Fat City,False
5003,1972,1973,45,ACTRESS IN A SUPPORTING ROLE,Shelley Winters,The Poseidon Adventure,False
5103,1973,1974,46,ACTRESS IN A SUPPORTING ROLE,Linda Blair,The Exorcist,False
5104,1973,1974,46,ACTRESS IN A SUPPORTING ROLE,Candy Clark,American Graffiti,False
5105,1973,1974,46,ACTRESS IN A SUPPORTING ROLE,Madeline Kahn,Paper Moon,False
5106,1973,1974,46,ACTRESS IN A SUPPORTING ROLE,Tatum O'Neal,Paper Moon,True
5107,1973,1974,46,ACTRESS IN A SUPPORTING ROLE,Sylvia Sidney,"Summer Wishes, Winter Dreams",False
5206,1974,1975,47,ACTRESS IN A SUPPORTING ROLE,Ingrid Bergman,Murder on the Orient Express,True
5207,1974,1975,47,ACTRESS IN A SUPPORTING ROLE,Valentina Cortese,Day for Night,False
5208,1974,1975,47,ACTRESS IN A SUPPORTING ROLE,Madeline Kahn,Blazing Saddles,False
5209,1974,1975,47,ACTRESS IN A SUPPORTING ROLE,Diane Ladd,Alice Doesn't Live Here Anymore,False
5210,1974,1975,47,ACTRESS IN A SUPPORTING ROLE,Talia Shire,The Godfather Part II,False
5313,1975,1976,48,ACTRESS IN A SUPPORTING ROLE,Ronee Blakley,Nashville,False
5314,1975,1976,48,ACTRESS IN A SUPPORTING ROLE,Lee Grant,Shampoo,True
5315,1975,1976,48,ACTRESS IN A SUPPORTING ROLE,Sylvia Miles,"Farewell, My Lovely",False
5316,1975,1976,48,ACTRESS IN A SUPPORTING ROLE,Lily Tomlin,Nashville,False
5317,1975,1976,48,ACTRESS IN A SUPPORTING ROLE,Brenda Vaccaro,Jacqueline Susann's Once Is Not Enough,False
5420,1976,1977,49,ACTRESS IN A SUPPORTING ROLE,Jane Alexander,All the President's Men,False
5421,1976,1977,49,ACTRESS IN A SUPPORTING ROLE,Jodie Foster,Taxi Driver,False
5422,1976,1977,49,ACTRESS IN A SUPPORTING ROLE,Lee Grant,Voyage of the Damned,False
5423,1976,1977,49,ACTRESS IN A SUPPORTING ROLE,Piper Laurie,Carrie,False
5424,1976,1977,49,ACTRESS IN A SUPPORTING ROLE,Beatrice Straight,Network,True
5524,1977,1978,50,ACTRESS IN A SUPPORTING ROLE,Leslie Browne,The Turning Point,False
5525,1977,1978,50,ACTRESS IN A SUPPORTING ROLE,Quinn Cummings,The Goodbye Girl,False
5526,1977,1978,50,ACTRESS IN A SUPPORTING ROLE,Melinda Dillon,Close Encounters of the Third Kind,False
5527,1977,1978,50,ACTRESS IN A SUPPORTING ROLE,Vanessa Redgrave,Julia,True
5528,1977,1978,50,ACTRESS IN A SUPPORTING ROLE,Tuesday Weld,Looking for Mr. Goodbar,False
5633,1978,1979,51,ACTRESS IN A SUPPORTING ROLE,Dyan Cannon,Heaven Can Wait,False
5634,1978,1979,51,ACTRESS IN A SUPPORTING ROLE,Penelope Milford,Coming Home,False
5635,1978,1979,51,ACTRESS IN A SUPPORTING ROLE,Maggie Smith,California Suite,True
5636,1978,1979,51,ACTRESS IN A SUPPORTING ROLE,Maureen Stapleton,Interiors,False
5637,1978,1979,51,ACTRESS IN A SUPPORTING ROLE,Meryl Streep,The Deer Hunter,False
5739,1979,1980,52,ACTRESS IN A SUPPORTING ROLE,Jane Alexander,Kramer vs. Kramer,False
5740,1979,1980,52,ACTRESS IN A SUPPORTING ROLE,Barbara Barrie,Breaking Away,False
5741,1979,1980,52,ACTRESS IN A SUPPORTING ROLE,Candice Bergen,Starting Over,False
5742,1979,1980,52,ACTRESS IN A SUPPORTING ROLE,Mariel Hemingway,Manhattan,False
5743,1979,1980,52,ACTRESS IN A SUPPORTING ROLE,Meryl Streep,Kramer vs. Kramer,True
5850,1980,1981,53,ACTRESS IN A SUPPORTING ROLE,Eileen Brennan,Private Benjamin,False
5851,1980,1981,53,ACTRESS IN A SUPPORTING ROLE,Eva Le Gallienne,Resurrection,False
5852,1980,1981,53,ACTRESS IN A SUPPORTING ROLE,Cathy Moriarty,Raging Bull,False
5853,1980,1981,53,ACTRESS IN A SUPPORTING ROLE,Diana Scarwid,Inside Moves,False
5854,1980,1981,53,ACTRESS IN A SUPPORTING ROLE,Mary Steenburgen,Melvin and Howard,True
5948,1981,1982,54,ACTRESS IN A SUPPORTING ROLE,Melinda Dillon,Absence of Malice,False
5949,1981,1982,54,ACTRESS IN A SUPPORTING ROLE,Jane Fonda,On Golden Pond,False
5950,1981,1982,54,ACTRESS IN A SUPPORTING ROLE,Joan Hackett,Only When I Laugh,False
5951,1981,1982,54,ACTRESS IN A SUPPORTING ROLE,Elizabeth McGovern,Ragtime,False
5952,1981,1982,54,ACTRESS IN A SUPPORTING ROLE,Maureen Stapleton,Reds,True
6052,1982,1983,55,ACTRESS IN A SUPPORTING ROLE,Glenn Close,The World According to Garp,False
6053,1982,1983,55,ACTRESS IN A SUPPORTING ROLE,Teri Garr,Tootsie,False
6054,1982,1983,55,ACTRESS IN A SUPPORTING ROLE,Jessica Lange,Tootsie,True
6055,1982,1983,55,ACTRESS IN A SUPPORTING ROLE,Kim Stanley,Frances,False
6056,1982,1983,55,ACTRESS IN A SUPPORTING ROLE,Lesley Ann Warren,Victor/Victoria,False
6163,1983,1984,56,ACTRESS IN A SUPPORTING ROLE,Cher,Silkwood,False
6164,1983,1984,56,ACTRESS IN A SUPPORTING ROLE,Glenn Close,The Big Chill,False
6165,1983,1984,56,ACTRESS IN A SUPPORTING ROLE,Linda Hunt,The Year of Living Dangerously,True
6166,1983,1984,56,ACTRESS IN A SUPPORTING ROLE,Amy Irving,Yentl,False
6167,1983,1984,56,ACTRESS IN A SUPPORTING ROLE,Alfre Woodard,Cross Creek,False
6267,1984,1985,57,ACTRESS IN A SUPPORTING ROLE,Peggy Ashcroft,A Passage to India,True
6268,1984,1985,57,ACTRESS IN A SUPPORTING ROLE,Glenn Close,The Natural,False
6269,1984,1985,57,ACTRESS IN A SUPPORTING ROLE,Lindsay Crouse,Places in the Heart,False
6270,1984,1985,57,ACTRESS IN A SUPPORTING ROLE,Christine Lahti,Swing Shift,False
6271,1984,1985,57,ACTRESS IN A SUPPORTING ROLE,Geraldine Page,The Pope of Greenwich Village,False
6376,1985,1986,58,ACTRESS IN A SUPPORTING ROLE,Margaret Avery,The Color Purple,False
6377,1985,1986,58,ACTRESS IN A SUPPORTING ROLE,Anjelica Huston,Prizzi's Honor,True
6378,1985,1986,58,ACTRESS IN A SUPPORTING ROLE,Amy Madigan,Twice in a Lifetime,False
6379,1985,1986,58,ACTRESS IN A SUPPORTING ROLE,Meg Tilly,Agnes of God,False
6380,1985,1986,58,ACTRESS IN A SUPPORTING ROLE,Oprah Winfrey,The Color Purple,False
6484,1986,1987,59,ACTRESS IN A SUPPORTING ROLE,Tess Harper,Crimes of the Heart,False
6485,1986,1987,59,ACTRESS IN A SUPPORTING ROLE,Piper Laurie,Children of a Lesser God,False
6486,1986,1987,59,ACTRESS IN A SUPPORTING ROLE,Mary Elizabeth Mastrantonio,The Color of Money,False
6487,1986,1987,59,ACTRESS IN A SUPPORTING ROLE,Maggie Smith,A Room with a View,False
6488,1986,1987,59,ACTRESS IN A SUPPORTING ROLE,Dianne Wiest,Hannah and Her Sisters,True
6591,1987,1988,60,ACTRESS IN A SUPPORTING ROLE,Norma Aleandro,Gaby - A True Story,False
6592,1987,1988,60,ACTRESS IN A SUPPORTING ROLE,Anne Archer,Fatal Attraction,False
6593,1987,1988,60,ACTRESS IN A SUPPORTING ROLE,Olympia Dukakis,Moonstruck,True
6594,1987,1988,60,ACTRESS IN A SUPPORTING ROLE,Anne Ramsey,Throw Momma from the Train,False
6595,1987,1988,60,ACTRESS IN A SUPPORTING ROLE,Ann Sothern,The Whales of August,False
6693,1988,1989,61,ACTRESS IN A SUPPORTING ROLE,Joan Cusack,Working Girl,False
6694,1988,1989,61,ACTRESS IN A SUPPORTING ROLE,Geena Davis,The Accidental Tourist,True
6695,1988,1989,61,ACTRESS IN A SUPPORTING ROLE,Frances McDormand,Mississippi Burning,False
6696,1988,1989,61,ACTRESS IN A SUPPORTING ROLE,Michelle Pfeiffer,Dangerous Liaisons,False
6697,1988,1989,61,ACTRESS IN A SUPPORTING ROLE,Sigourney Weaver,Working Girl,False
6799,1989,1990,62,ACTRESS IN A SUPPORTING ROLE,Brenda Fricker,My Left Foot,True
6800,1989,1990,62,ACTRESS IN A SUPPORTING ROLE,Anjelica Huston,"Enemies, A Love Story",False
6801,1989,1990,62,ACTRESS IN A SUPPORTING ROLE,Lena Olin,"Enemies, A Love Story",False
6802,1989,1990,62,ACTRESS IN A SUPPORTING ROLE,Julia Roberts,Steel Magnolias,False
6803,1989,1990,62,ACTRESS IN A SUPPORTING ROLE,Dianne Wiest,Parenthood,False
6904,1990,1991,63,ACTRESS IN A SUPPORTING ROLE,Annette Bening,The Grifters,False
6905,1990,1991,63,ACTRESS IN A SUPPORTING ROLE,Lorraine Bracco,Good Fellas,False
6906,1990,1991,63,ACTRESS IN A SUPPORTING ROLE,Whoopi Goldberg,Ghost,True
6907,1990,1991,63,ACTRESS IN A SUPPORTING ROLE,Diane Ladd,Wild at Heart,False
6908,1990,1991,63,ACTRESS IN A SUPPORTING ROLE,Mary McDonnell,Dances With Wolves,False
7012,1991,1992,64,ACTRESS IN A SUPPORTING ROLE,Diane Ladd,Rambling Rose,False
7013,1991,1992,64,ACTRESS IN A SUPPORTING ROLE,Juliette Lewis,Cape Fear,False
7014,1991,1992,64,ACTRESS IN A SUPPORTING ROLE,Kate Nelligan,The Prince of Tides,False
7015,1991,1992,64,ACTRESS IN A SUPPORTING ROLE,Mercedes Ruehl,The Fisher King,True
7016,1991,1992,64,ACTRESS IN A SUPPORTING ROLE,Jessica Tandy,Fried Green Tomatoes,False
7119,1992,1993,65,ACTRESS IN A SUPPORTING ROLE,Judy Davis,Husbands and Wives,False
7120,1992,1993,65,ACTRESS IN A SUPPORTING ROLE,Joan Plowright,Enchanted April,False
7121,1992,1993,65,ACTRESS IN A SUPPORTING ROLE,Vanessa Redgrave,Howards End,False
7122,1992,1993,65,ACTRESS IN A SUPPORTING ROLE,Miranda Richardson,Damage,False
7123,1992,1993,65,ACTRESS IN A SUPPORTING ROLE,Marisa Tomei,My Cousin Vinny,True
7231,1993,1994,66,ACTRESS IN A SUPPORTING ROLE,Holly Hunter,The Firm,False
7232,1993,1994,66,ACTRESS IN A SUPPORTING ROLE,Anna Paquin,The Piano,True
7233,1993,1994,66,ACTRESS IN A SUPPORTING ROLE,Rosie Perez,Fearless,False
7234,1993,1994,66,ACTRESS IN A SUPPORTING ROLE,Winona Ryder,The Age of Innocence,False
7235,1993,1994,66,ACTRESS IN A SUPPORTING ROLE,Emma Thompson,In the Name of the Father,False
7340,1994,1995,67,ACTRESS IN A SUPPORTING ROLE,Rosemary Harris,Tom & Viv,False
7341,1994,1995,67,ACTRESS IN A SUPPORTING ROLE,Helen Mirren,The Madness of King George,False
7342,1994,1995,67,ACTRESS IN A SUPPORTING ROLE,Uma Thurman,Pulp Fiction,False
7343,1994,1995,67,ACTRESS IN A SUPPORTING ROLE,Jennifer Tilly,Bullets over Broadway,False
7344,1994,1995,67,ACTRESS IN A SUPPORTING ROLE,Dianne Wiest,Bullets over Broadway,True
7452,1995,1996,68,ACTRESS IN A SUPPORTING ROLE,Joan Allen,Nixon,False
7453,1995,1996,68,ACTRESS IN A SUPPORTING ROLE,Kathleen Quinlan,Apollo 13,False
7454,1995,1996,68,ACTRESS IN A SUPPORTING ROLE,Mira Sorvino,Mighty Aphrodite,True
7455,1995,1996,68,ACTRESS IN A SUPPORTING ROLE,Mare Winningham,Georgia,False
7456,1995,1996,68,ACTRESS IN A SUPPORTING ROLE,Kate Winslet,Sense and Sensibility,False
7568,1996,1997,69,ACTRESS IN A SUPPORTING ROLE,Joan Allen,The Crucible,False
7569,1996,1997,69,ACTRESS IN A SUPPORTING ROLE,Lauren Bacall,The Mirror Has Two Faces,False
7570,1996,1997,69,ACTRESS IN A SUPPORTING ROLE,Juliette Binoche,The English Patient,True
7571,1996,1997,69,ACTRESS IN A SUPPORTING ROLE,Barbara Hershey,The Portrait of a Lady,False
7572,1996,1997,69,ACTRESS IN A SUPPORTING ROLE,Marianne Jean-Baptiste,Secrets & Lies,False
7683,1997,1998,70,ACTRESS IN A SUPPORTING ROLE,Kim Basinger,L.A. Confidential,True
7684,1997,1998,70,ACTRESS IN A SUPPORTING ROLE,Joan Cusack,In & Out,False
7685,1997,1998,70,ACTRESS IN A SUPPORTING ROLE,Minnie Driver,Good Will Hunting,False
7686,1997,1998,70,ACTRESS IN A SUPPORTING ROLE,Julianne Moore,Boogie Nights,False
7687,1997,1998,70,ACTRESS IN A SUPPORTING ROLE,Gloria Stuart,Titanic,False
7798,1998,1999,71,ACTRESS IN A SUPPORTING ROLE,Kathy Bates,Primary Colors,False
7799,1998,1999,71,ACTRESS IN A SUPPORTING ROLE,Brenda Blethyn,Little Voice,False
7800,1998,1999,71,ACTRESS IN A SUPPORTING ROLE,Judi Dench,Shakespeare in Love,True
7801,1998,1999,71,ACTRESS IN A SUPPORTING ROLE,Rachel Griffiths,Hilary and Jackie,False
7802,1998,1999,71,ACTRESS IN A SUPPORTING ROLE,Lynn Redgrave,Gods and Monsters,False
7912,1999,2000,72,ACTRESS IN A SUPPORTING ROLE,Toni Collette,The Sixth Sense,False
7913,1999,2000,72,ACTRESS IN A SUPPORTING ROLE,Angelina Jolie,"Girl, Interrupted",True
7914,1999,2000,72,ACTRESS IN A SUPPORTING ROLE,Catherine Keener,Being John Malkovich,False
7915,1999,2000,72,ACTRESS IN A SUPPORTING ROLE,Samantha Morton,Sweet and Lowdown,False
7916,1999,2000,72,ACTRESS IN A SUPPORTING ROLE,Chloë Sevigny,Boys Don't Cry,False
8022,2000,2001,73,ACTRESS IN A SUPPORTING ROLE,Judi Dench,Chocolat,False
8023,2000,2001,73,ACTRESS IN A SUPPORTING ROLE,Marcia Gay Harden,Pollock,True
8024,2000,2001,73,ACTRESS IN A SUPPORTING ROLE,Kate Hudson,Almost Famous,False
8025,2000,2001,73,ACTRESS IN A SUPPORTING ROLE,Frances McDormand,Almost Famous,False
8026,2000,2001,73,ACTRESS IN A SUPPORTING ROLE,Julie Walters,Billy Elliot,False
8131,2001,2002,74,ACTRESS IN A SUPPORTING ROLE,Jennifer Connelly,A Beautiful Mind,True
8132,2001,2002,74,ACTRESS IN A SUPPORTING ROLE,Helen Mirren,Gosford Park,False
8133,2001,2002,74,ACTRESS IN A SUPPORTING ROLE,Maggie Smith,Gosford Park,False
8134,2001,2002,74,ACTRESS IN A SUPPORTING ROLE,Marisa Tomei,In the Bedroom,False
8135,2001,2002,74,ACTRESS IN A SUPPORTING ROLE,Kate Winslet,Iris,False
8243,2002,2003,75,ACTRESS IN A SUPPORTING ROLE,Kathy Bates,About Schmidt,False
8244,2002,2003,75,ACTRESS IN A SUPPORTING ROLE,Julianne Moore,The Hours,False
8245,2002,2003,75,ACTRESS IN A SUPPORTING ROLE,Queen Latifah,Chicago,False
8246,2002,2003,75,ACTRESS IN A SUPPORTING ROLE,Meryl Streep,Adaptation,False
8247,2002,2003,75,ACTRESS IN A SUPPORTING ROLE,Catherine Zeta-Jones,Chicago,True
8356,2003,2004,76,ACTRESS IN A SUPPORTING ROLE,Shohreh Aghdashloo,House of Sand and Fog,False
8357,2003,2004,76,ACTRESS IN A SUPPORTING ROLE,Patricia Clarkson,Pieces of April,False
8358,2003,2004,76,ACTRESS IN A SUPPORTING ROLE,Marcia Gay Harden,Mystic River,False
8359,2003,2004,76,ACTRESS IN A SUPPORTING ROLE,Holly Hunter,Thirteen,False
8360,2003,2004,76,ACTRESS IN A SUPPORTING ROLE,Renée Zellweger,Cold Mountain,True
8467,2004,2005,77,ACTRESS IN A SUPPORTING ROLE,Cate Blanchett,The Aviator,True
8468,2004,2005,77,ACTRESS IN A SUPPORTING ROLE,Laura Linney,Kinsey,False
8469,2004,2005,77,ACTRESS IN A SUPPORTING ROLE,Virginia Madsen,Sideways,False
8470,2004,2005,77,ACTRESS IN A SUPPORTING ROLE,Sophie Okonedo,Hotel Rwanda,False
8471,2004,2005,77,ACTRESS IN A SUPPORTING ROLE,Natalie Portman,Closer,False
8581,2005,2006,78,ACTRESS IN A SUPPORTING ROLE,Amy Adams,Junebug,False
8582,2005,2006,78,ACTRESS IN A SUPPORTING ROLE,Catherine Keener,Capote,False
8583,2005,2006,78,ACTRESS IN A SUPPORTING ROLE,Frances McDormand,North Country,False
8584,2005,2006,78,ACTRESS IN A SUPPORTING ROLE,Rachel Weisz,The Constant Gardener,True
8585,2005,2006,78,ACTRESS IN A SUPPORTING ROLE,Michelle Williams,Brokeback Mountain,False
8691,2006,2007,79,ACTRESS IN A SUPPORTING ROLE,Adriana Barraza,Babel,False
8692,2006,2007,79,ACTRESS IN A SUPPORTING ROLE,Cate Blanchett,Notes on a Scandal,False
8693,2006,2007,79,ACTRESS IN A SUPPORTING ROLE,Abigail Breslin,Little Miss Sunshine,False
8694,2006,2007,79,ACTRESS IN A SUPPORTING ROLE,Jennifer Hudson,Dreamgirls,True
8695,2006,2007,79,ACTRESS IN A SUPPORTING ROLE,Rinko Kikuchi,Babel,False
8806,2007,2008,80,ACTRESS IN A SUPPORTING ROLE,Cate Blanchett,I'm Not There,False
8807,2007,2008,80,ACTRESS IN A SUPPORTING ROLE,Ruby Dee,American Gangster,False
8808,2007,2008,80,ACTRESS IN A SUPPORTING ROLE,Saoirse Ronan,Atonement,False
8809,2007,2008,80,ACTRESS IN A SUPPORTING ROLE,Amy Ryan,Gone Baby Gone,False
8810,2007,2008,80,ACTRESS IN A SUPPORTING ROLE,Tilda Swinton,Michael Clayton,True
8920,2008,2009,81,ACTRESS IN A SUPPORTING ROLE,Amy Adams,Doubt,False
8921,2008,2009,81,ACTRESS IN A SUPPORTING ROLE,Penélope Cruz,Vicky Cristina Barcelona,True
8922,2008,2009,81,ACTRESS IN A SUPPORTING ROLE,Viola Davis,Doubt,False
8923,2008,2009,81,ACTRESS IN A SUPPORTING ROLE,Taraji P. Henson,The Curious Case of Benjamin Button,False
8924,2008,2009,81,ACTRESS IN A SUPPORTING ROLE,Marisa Tomei,The Wrestler,False
9032,2009,2010,82,ACTRESS IN A SUPPORTING ROLE,Penélope Cruz,Nine,False
9033,2009,2010,82,ACTRESS IN A SUPPORTING ROLE,Vera Farmiga,Up in the Air,False
9034,2009,2010,82,ACTRESS IN A SUPPORTING ROLE,Maggie Gyllenhaal,Crazy Heart,False
9035,2009,2010,82,ACTRESS IN A SUPPORTING ROLE,Anna Kendrick,Up in the Air,False
9036,2009,2010,82,ACTRESS IN A SUPPORTING ROLE,Mo'Nique,Precious: Based on the Novel 'Push' by Sapphire,True
9157,2010,2011,83,ACTRESS IN A SUPPORTING ROLE,Amy Adams,The Fighter,False
9158,2010,2011,83,ACTRESS IN A SUPPORTING ROLE,Helena Bonham Carter,The King's Speech,False
9159,2010,2011,83,ACTRESS IN A SUPPORTING ROLE,Melissa Leo,The Fighter,True
9160,2010,2011,83,ACTRESS IN A SUPPORTING ROLE,Hailee Steinfeld,True Grit,False
9161,2010,2011,83,ACTRESS IN A SUPPORTING ROLE,Jacki Weaver,Animal Kingdom,False
9281,2011,2012,84,ACTRESS IN A SUPPORTING ROLE,Bérénice Bejo,The Artist,False
9282,2011,2012,84,ACTRESS IN A SUPPORTING ROLE,Jessica Chastain,The Help,False
9283,2011,2012,84,ACTRESS IN A SUPPORTING ROLE,Melissa McCarthy,Bridesmaids,False
9284,2011,2012,84,ACTRESS IN A SUPPORTING ROLE,Janet McTeer,Albert Nobbs,False
9285,2011,2012,84,ACTRESS IN A SUPPORTING ROLE,Octavia Spencer,The Help,True
9403,2012,2013,85,ACTRESS IN A SUPPORTING ROLE,Amy Adams,The Master,False
9404,2012,2013,85,ACTRESS IN A SUPPORTING ROLE,Sally Field,Lincoln,False
9405,2012,2013,85,ACTRESS IN A SUPPORTING ROLE,Anne Hathaway,Les Misérables,True
9406,2012,2013,85,ACTRESS IN A SUPPORTING ROLE,Helen Hunt,The Sessions,False
9407,2012,2013,85,ACTRESS IN A SUPPORTING ROLE,Jacki Weaver,Silver Linings Playbook,False
9529,2013,2014,86,ACTRESS IN A SUPPORTING ROLE,Sally Hawkins,Blue Jasmine,False
9530,2013,2014,86,ACTRESS IN A SUPPORTING ROLE,Jennifer Lawrence,American Hustle,False
9531,2013,2014,86,ACTRESS IN A SUPPORTING ROLE,Lupita Nyong'o,12 Years a Slave,True
9532,2013,2014,86,ACTRESS IN A SUPPORTING ROLE,Julia Roberts,August: Osage County,False
9533,2013,2014,86,ACTRESS IN A SUPPORTING ROLE,June Squibb,Nebraska,False
9655,2014,2015,87,ACTRESS IN A SUPPORTING ROLE,Patricia Arquette,Boyhood,True
9656,2014,2015,87,ACTRESS IN A SUPPORTING ROLE,Laura Dern,Wild,False
9657,2014,2015,87,ACTRESS IN A SUPPORTING ROLE,Keira Knightley,The Imitation Game,False
9658,2014,2015,87,ACTRESS IN A SUPPORTING ROLE,Emma Stone,Birdman or (The Unexpected Virtue of Ignorance),False
9659,2014,2015,87,ACTRESS IN A SUPPORTING ROLE,Meryl Streep,Into the Woods,False
9780,2015,2016,88,ACTRESS IN A SUPPORTING ROLE,Jennifer Jason Leigh,The Hateful Eight,False
9781,2015,2016,88,ACTRESS IN A SUPPORTING ROLE,Rooney Mara,Carol,False
9782,2015,2016,88,ACTRESS IN A SUPPORTING ROLE,Rachel McAdams,Spotlight,False
9783,2015,2016,88,ACTRESS IN A SUPPORTING ROLE,Alicia Vikander,The Danish Girl,True
9784,2015,2016,88,ACTRESS IN A SUPPORTING ROLE,Kate Winslet,Steve Jobs,False
9904,2016,2017,89,ACTRESS IN A SUPPORTING ROLE,Viola Davis,Fences,True
9905,2016,2017,89,ACTRESS IN A SUPPORTING ROLE,Naomie Harris,Moonlight,False
9906,2016,2017,89,ACTRESS IN A SUPPORTING ROLE,Nicole Kidman,Lion,False
9907,2016,2017,89,ACTRESS IN A SUPPORTING ROLE,Octavia Spencer,Hidden Figures,False
9908,2016,2017,89,ACTRESS IN A SUPPORTING ROLE,Michelle Williams,Manchester by the Sea,False
10030,2017,2018,90,ACTRESS IN A SUPPORTING ROLE,Mary J. Blige,Mudbound,False
10031,2017,2018,90,ACTRESS IN A SUPPORTING ROLE,Allison Janney,"I, Tonya",True
10032,2017,2018,90,ACTRESS IN A SUPPORTING ROLE,Lesley Manville,Phantom Thread,False
10033,2017,2018,90,ACTRESS IN A SUPPORTING ROLE,Laurie Metcalf,Lady Bird,False
10034,2017,2018,90,ACTRESS IN A SUPPORTING ROLE,Octavia Spencer,The Shape of Water,False
10157,2018,2019,91,ACTRESS IN A SUPPORTING ROLE,Amy Adams,Vice,False
10158,2018,2019,91,ACTRESS IN A SUPPORTING ROLE,Marina de Tavira,Roma,False
10159,2018,2019,91,ACTRESS IN A SUPPORTING ROLE,Regina King,If Beale Street Could Talk,True
10160,2018,2019,91,ACTRESS IN A SUPPORTING ROLE,Emma Stone,The Favourite,False
10161,2018,2019,91,ACTRESS IN A SUPPORTING ROLE,Rachel Weisz,The Favourite,False
10282,2019,2020,92,ACTRESS IN A SUPPORTING ROLE,Kathy Bates,Richard Jewell,False
10283,2019,2020,92,ACTRESS IN A SUPPORTING ROLE,Laura Dern,Marriage Story,True
10284,2019,2020,92,ACTRESS IN A SUPPORTING ROLE,Scarlett Johansson,Jojo Rabbit,False
10285,2019,2020,92,ACTRESS IN A SUPPORTING ROLE,Florence Pugh,Little Women,False
10286,2019,2020,92,ACTRESS IN A SUPPORTING ROLE,Margot Robbie,Bombshell,False
